time_utc,side,price,qty,fee,pnl
2026-09-28T02:24:12.313612+00:00,BUY,0.09541,1048.1081647626036,0.1,0.0
2026-09-28T02:25:12.440760+00:00,SELL,0.09546,1048.1081647626036,0.10005240540823815,-0.14764699717009921
2026-09-28T02:25:43.013141+00:00,BUY,0.09549,1047.2300764477955,0.1,0.0
2026-09-28T02:26:43.184530+00:00,SELL,0.0956,1047.2300764477955,0.10011519530840926,-0.08491988689915282
2026-09-28T02:26:43.281702+00:00,BUY,0.09561,1045.915699194645,0.1,0.0
2026-09-28T02:27:43.401200+00:00,SELL,0.09568,1045.915699194645,0.10007321409894364,-0.12685911515531784
2026-09-28T02:29:45.406644+00:00,BUY,0.09548,1047.3397570171765,0.1,0.0
2026-09-28T02:30:23.396654+00:00,SELL,0.09532,1047.3397570171765,0.09983242563887727,-0.3674067867616187
2026-09-28T02:36:56.545774+00:00,BUY,0.09514,1051.0826150935463,0.1,0.0
2026-09-28T02:37:54.989922+00:00,SELL,0.09508,1051.0826150935463,0.09993693504309438,-0.2630018919487119
2026-09-28T02:37:54.996730+00:00,BUY,0.09509,1051.6352928804292,0.1,0.0
2026-09-28T02:38:55.196653+00:00,SELL,0.09495,1051.6352928804292,0.09985277105899677,-0.3470817120622436
2026-09-28T02:39:15.823999+00:00,BUY,0.095,1052.6315789473683,0.1,0.0
2026-09-28T02:40:15.845884+00:00,SELL,0.09501,1052.6315789473683,0.10001052631578947,-0.18948421052631986
2026-09-28T02:40:24.422256+00:00,BUY,0.09502,1052.4100189433805,0.1,0.0
2026-09-28T02:41:24.650323+00:00,SELL,0.0952,1052.4100189433805,0.10018943380340983,-0.010755630393587179
2026-09-28T02:41:24.656346+00:00,BUY,0.09521,1050.309841403214,0.1,0.0
2026-09-28T02:41:58.365888+00:00,SELL,0.09506,1050.309841403214,0.09984245352378954,-0.35738892973426883
2026-09-28T02:42:34.900083+00:00,BUY,0.09506,1051.967178624027,0.1,0.0
2026-09-28T02:43:34.903505+00:00,SELL,0.09501,1051.967178624027,0.0999474016410688,-0.25254576057227895
2026-09-28T02:43:34.906590+00:00,BUY,0.09502,1052.4100189433805,0.1,0.0
2026-09-28T02:44:34.930371+00:00,SELL,0.09497,1052.4100189433805,0.09994737949905284,-0.2525678804462161
2026-09-28T02:44:58.759252+00:00,BUY,0.09503,1052.2992739135009,0.1,0.0
2026-09-28T02:45:59.069274+00:00,SELL,0.09515,1052.2992739135009,0.1001262759128696,-0.07385036304325465
2026-09-28T02:45:59.069757+00:00,BUY,0.09516,1050.8617065994115,0.1,0.0
2026-09-28T02:46:31.958339+00:00,SELL,0.09503,1050.8617065994115,0.09986338797814208,-0.3364754098360564
2026-09-28T02:47:32.396851+00:00,BUY,0.09492,1053.5187526337968,0.1,0.0
2026-09-28T02:47:40.520911+00:00,SELL,0.09472,1053.5187526337968,0.09978929624947323,-0.41049304677623866
2026-09-28T02:48:20.742867+00:00,BUY,0.09474,1055.5203715431708,0.1,0.0
2026-09-28T02:49:20.927186+00:00,SELL,0.09478,1055.5203715431708,0.10004222081486173,-0.15782140595313662
2026-09-28T02:49:33.125676+00:00,BUY,0.09478,1055.0749103186326,0.1,0.0
2026-09-28T02:50:33.305632+00:00,SELL,0.09494,1055.0749103186326,0.10016881198565097,-0.031356826334676624
2026-09-28T02:50:33.307619+00:00,BUY,0.09495,1053.18588730911,0.1,0.0
2026-09-28T02:51:33.390551+00:00,SELL,0.09492,1053.18588730911,0.09996840442338073,-0.2315639810426564
2026-09-28T02:51:34.462385+00:00,BUY,0.09494,1053.2968190436065,0.1,0.0
2026-09-28T02:51:57.692164+00:00,SELL,0.09478,1053.2968190436065,0.09983147250895302,-0.3683589635559232
2026-09-28T02:52:09.799001+00:00,BUY,0.09485,1054.2962572482868,0.1,0.0
2026-09-28T02:53:10.090008+00:00,SELL,0.09504,1054.2962572482868,0.10020031628887718,0.00011597258829279533
2026-09-28T02:53:10.092338+00:00,BUY,0.09505,1052.0778537611784,0.1,0.0
2026-09-28T02:54:10.106316+00:00,SELL,0.09493,1052.0778537611784,0.09987375065754867,-0.32612309310888493
2026-09-28T02:54:10.327909+00:00,BUY,0.09496,1053.0749789385004,0.1,0.0
2026-09-28T02:55:10.520142+00:00,SELL,0.09496,1053.0749789385004,0.1,-0.2
2026-09-28T02:57:27.530436+00:00,BUY,0.0948,1054.8523206751056,0.1,0.0
2026-09-28T02:58:27.861370+00:00,SELL,0.09481,1054.8523206751056,0.10001054852320676,-0.18946202531644515
2026-09-28T02:58:28.007351+00:00,BUY,0.09482,1054.629824931449,0.1,0.0
2026-09-28T02:59:28.234936+00:00,SELL,0.09469,1054.629824931449,0.0998628981227589,-0.33696477536385266
2026-09-28T02:59:52.937962+00:00,BUY,0.09472,1055.7432432432433,0.1,0.0
2026-09-28T03:00:22.242219+00:00,SELL,0.09501,1055.7432432432433,0.10030616554054055,0.10585937499999852
2026-09-28T03:00:22.243137+00:00,BUY,0.09502,1052.4100189433805,0.1,0.0
2026-09-28T03:01:22.268924+00:00,SELL,0.09504,1052.4100189433805,0.10002104820037888,-0.17897284782150483
2026-09-28T03:01:32.617067+00:00,BUY,0.09503,1052.2992739135009,0.1,0.0
2026-09-28T03:02:29.751080+00:00,SELL,0.09488,1052.2992739135009,0.09984215510891298,-0.35768704619593533
2026-09-28T03:03:14.094607+00:00,BUY,0.09485,1054.2962572482868,0.1,0.0
2026-09-28T03:04:14.466112+00:00,SELL,0.0949,1054.2962572482868,0.10005271481286242,-0.14733790195045388
2026-09-28T03:04:14.466714+00:00,BUY,0.09491,1053.6297545042673,0.1,0.0
2026-09-28T03:05:14.586426+00:00,SELL,0.09497,1053.6297545042673,0.10006321778527028,-0.13684543251500952
2026-09-28T03:05:14.591758+00:00,BUY,0.09498,1052.853232259423,0.1,0.0
2026-09-28T03:05:42.739851+00:00,SELL,0.09482,1052.853232259423,0.0998315434828385,-0.3682880606443394
2026-09-28T03:06:12.244207+00:00,BUY,0.09487,1054.0739959945188,0.1,0.0
2026-09-28T03:07:12.255766+00:00,SELL,0.09485,1054.0739959945188,0.09997891852008012,-0.22106039843996234
2026-09-28T03:07:12.256285+00:00,BUY,0.09486,1054.1851149061774,0.1,0.0
2026-09-28T03:08:12.458582+00:00,SELL,0.09488,1054.1851149061774,0.10002108370229813,-0.17893738140416815
2026-09-28T03:08:43.804157+00:00,BUY,0.09489,1053.8518284329223,0.1,0.0
2026-09-28T03:09:43.840040+00:00,SELL,0.09489,1053.8518284329223,0.1,-0.2
2026-09-28T03:09:43.876568+00:00,BUY,0.09493,1053.4077741493732,0.1,0.0
2026-09-28T03:10:44.215635+00:00,SELL,0.09496,1053.4077741493732,0.10003160223322448,-0.16842936900874092
2026-09-28T03:10:51.799058+00:00,BUY,0.09495,1053.18588730911,0.1,0.0
2026-09-28T03:11:37.517658+00:00,SELL,0.0948,1053.18588730911,0.09984202211690364,-0.357819905213282
2026-09-28T03:12:07.080991+00:00,BUY,0.0948,1054.8523206751056,0.1,0.0
2026-09-28T03:12:36.390270+00:00,SELL,0.09464,1054.8523206751056,0.099831223628692,-0.36860759493670203
2026-09-28T03:13:03.709954+00:00,BUY,0.0947,1055.9662090813092,0.1,0.0
2026-09-28T03:14:03.849171+00:00,SELL,0.09486,1055.9662090813092,0.100168954593453,-0.03121436114045041
2026-09-28T03:14:07.640720+00:00,BUY,0.09484,1054.407423028258,0.1,0.0
2026-09-28T03:15:05.027462+00:00,SELL,0.09469,1054.407423028258,0.09984183888654576,-0.35800295234078167
2026-09-28T03:15:16.134891+00:00,BUY,0.09487,1054.0739959945188,0.1,0.0
2026-09-28T03:16:16.154837+00:00,SELL,0.09476,1054.0739959945188,0.0998840518604406,-0.3158321914198366
2026-09-28T03:16:17.685550+00:00,BUY,0.09478,1055.0749103186326,0.1,0.0
2026-09-28T03:17:17.743756+00:00,SELL,0.09501,1055.0749103186326,0.10024266722937328,0.042424562143906
2026-09-28T03:17:17.744840+00:00,BUY,0.09502,1052.4100189433805,0.1,0.0
2026-09-28T03:18:17.751048+00:00,SELL,0.09503,1052.4100189433805,0.10001052410018944,-0.1894864239107451
2026-09-28T03:18:17.874482+00:00,BUY,0.09504,1052.1885521885522,0.1,0.0
2026-09-28T03:18:36.839949+00:00,SELL,0.09488,1052.1885521885522,0.09983164983164984,-0.36818181818181134
2026-09-28T03:19:06.046472+00:00,BUY,0.09496,1053.0749789385004,0.1,0.0
2026-09-28T03:20:06.076040+00:00,SELL,0.09501,1053.0749789385004,0.10005265374894692,-0.14739890480202772
2026-09-28T03:20:16.344880+00:00,BUY,0.09505,1052.0778537611784,0.1,0.0
2026-09-28T03:21:16.410647+00:00,SELL,0.095,1052.0778537611784,0.09994739610731194,-0.2525512887953651
2026-09-28T03:21:20.548675+00:00,BUY,0.09503,1052.2992739135009,0.1,0.0
2026-09-28T03:22:02.218229+00:00,SELL,0.09486,1052.2992739135009,0.0998211091234347,-0.37871198568873354
2026-09-28T03:22:57.888394+00:00,BUY,0.09482,1054.629824931449,0.1,0.0
2026-09-28T03:23:57.985211+00:00,SELL,0.09476,1054.629824931449,0.09993672221050412,-0.2632145117063958
2026-09-28T03:24:18.847786+00:00,BUY,0.09479,1054.9636037556704,0.1,0.0
2026-09-28T03:25:09.180361+00:00,SELL,0.09456,1054.9636037556704,0.09975735837113621,-0.4423989872349342
2026-09-28T03:26:04.190224+00:00,BUY,0.0944,1059.322033898305,0.1,0.0
2026-09-28T03:27:04.267022+00:00,SELL,0.0943,1059.322033898305,0.09989406779661017,-0.3058262711864437
2026-09-28T03:27:16.310799+00:00,BUY,0.09446,1058.6491636671606,0.1,0.0
2026-09-28T03:27:48.332841+00:00,SELL,0.0943,1058.6491636671606,0.09983061613381324,-0.3692144823205667
2026-09-28T03:28:03.978899+00:00,BUY,0.09441,1059.2098294672176,0.1,0.0
2026-09-28T03:29:01.808054+00:00,SELL,0.09426,1059.2098294672176,0.09984111852557993,-0.3587225929456597
2026-09-28T03:29:51.523942+00:00,BUY,0.09408,1062.9251700680272,0.1,0.0
2026-09-28T03:30:51.696563+00:00,SELL,0.09398,1062.9251700680272,0.0998937074829932,-0.306186224489799
2026-09-28T03:31:17.408708+00:00,BUY,0.09401,1063.7166258908628,0.1,0.0
2026-09-28T03:31:40.363952+00:00,SELL,0.09385,1063.7166258908628,0.09982980533985747,-0.3700244654823886
2026-09-28T03:32:09.428108+00:00,BUY,0.0939,1064.9627263045793,0.1,0.0
2026-09-28T03:32:37.854464+00:00,SELL,0.09373,1064.9627263045793,0.09981895633652822,-0.38086261980831043
2026-09-28T03:33:16.350974+00:00,BUY,0.09372,1067.0081092616304,0.1,0.0
2026-09-28T03:34:16.565460+00:00,SELL,0.09394,1067.0081092616304,0.10023474178403756,0.03450704225351896
2026-09-28T03:34:16.569298+00:00,BUY,0.09395,1064.3959552953697,0.1,0.0
2026-09-28T03:35:05.150142+00:00,SELL,0.09379,1064.3959552953697,0.09982969664715273,-0.3701330494944198
2026-09-28T03:35:21.335549+00:00,BUY,0.09394,1064.5092612305727,0.1,0.0
2026-09-28T03:36:21.336539+00:00,SELL,0.094,1064.5092612305727,0.10006387055567385,-0.13619331488183473
2026-09-28T03:36:21.339676+00:00,BUY,0.09401,1063.7166258908628,0.1,0.0
2026-09-28T03:37:16.167770+00:00,SELL,0.0943,1063.7166258908628,0.10030847782150837,0.10816934368684036
2026-09-28T03:37:16.168748+00:00,BUY,0.09431,1060.332944544587,0.1,0.0
2026-09-28T03:38:16.449461+00:00,SELL,0.09436,1060.332944544587,0.10005301664722722,-0.14703636942000373
2026-09-28T03:38:16.451849+00:00,BUY,0.09437,1059.658789869662,0.1,0.0
2026-09-28T03:39:16.654642+00:00,SELL,0.09441,1059.658789869662,0.10004238635159479,-0.15765603475681003
2026-09-28T03:39:48.948907+00:00,BUY,0.09443,1058.985491898761,0.1,0.0
2026-09-28T03:40:49.020306+00:00,SELL,0.09434,1058.985491898761,0.0999046913057291,-0.29521338557662474
2026-09-28T03:41:12.050411+00:00,BUY,0.09431,1060.332944544587,0.1,0.0
2026-09-28T03:42:12.104577+00:00,SELL,0.09448,1060.332944544587,0.10018025660057257,-0.01992365602800382
2026-09-28T03:42:12.105159+00:00,BUY,0.09449,1058.3130489998941,0.1,0.0
2026-09-28T03:43:12.106882+00:00,SELL,0.09462,1058.3130489998941,0.10013758069636998,-0.06255688432639302
2026-09-28T03:43:12.248148+00:00,BUY,0.09463,1056.7473317129873,0.1,0.0
2026-09-28T03:44:12.254375+00:00,SELL,0.09452,1056.7473317129873,0.09988375779351157,-0.3161259642819391
2026-09-28T03:45:41.427277+00:00,BUY,0.09442,1059.0976488032195,0.1,0.0
2026-09-28T03:46:41.527008+00:00,SELL,0.09432,1059.0976488032195,0.09989409023511966,-0.3058038551154446
2026-09-28T03:46:57.927520+00:00,BUY,0.09437,1059.658789869662,0.1,0.0
2026-09-28T03:47:57.976349+00:00,SELL,0.09443,1059.658789869662,0.1000635795273922,-0.1364840521352077
2026-09-28T03:48:03.659528+00:00,BUY,0.09441,1059.2098294672176,0.1,0.0
2026-09-28T03:49:03.781093+00:00,SELL,0.0944,1059.2098294672176,0.09998940790170534,-0.2105815061963734
2026-09-28T03:49:03.788790+00:00,BUY,0.09441,1059.2098294672176,0.1,0.0
2026-09-28T03:50:03.889380+00:00,SELL,0.0944,1059.2098294672176,0.09998940790170534,-0.2105815061963734
2026-09-28T03:50:46.961413+00:00,BUY,0.09435,1059.8834128245892,0.1,0.0
2026-09-28T03:51:47.217635+00:00,SELL,0.09433,1059.8834128245892,0.0999788023317435,-0.22117647058824177
2026-09-28T03:51:53.877645+00:00,BUY,0.09435,1059.8834128245892,0.1,0.0
2026-09-28T03:52:53.964279+00:00,SELL,0.09425,1059.8834128245892,0.09989401165871753,-0.3058823529411795
2026-09-28T03:53:08.005839+00:00,BUY,0.09434,1059.99576001696,0.1,0.0
